{
    "lr": 0.0018702905736676851,
    "weight_decay": 1.0428929566416174e-06
}