{
    "lr": 0.00021429566588818236,
    "weight_decay": 2.227472212228259e-06,
    "q_depth": 3
}