{
    "n_estimators": 250,
    "max_depth": 4,
    "learning_rate": 0.09847439389842051,
    "subsample": 0.8678559884574955,
    "colsample_bytree": 0.8054993455797322,
    "min_child_weight": 36
}