{
    "n_estimators": 300,
    "max_depth": 4,
    "learning_rate": 0.07670982458389945,
    "subsample": 0.614051573697432,
    "colsample_bytree": 0.8411103657612101,
    "min_child_weight": 50
}