{
    "hidden_size": 512,
    "num_layers": 5,
    "dropout_rate": 0.15504526379196323,
    "learning_rate": 0.0015041893361052935,
    "batch_size": 256
}