{
    "hidden_size": 512,
    "num_layers": 5,
    "dropout_rate": 0.06914388237656047,
    "learning_rate": 0.002507511961191812,
    "batch_size": 512
}