{
    "hidden_size": 256,
    "num_layers": 5,
    "dropout_rate": 0.05389759781206329,
    "learning_rate": 0.003487487283722095,
    "batch_size": 1024
}